,open,high,low,close,adjclose,volume,ticker,adjclose_1,true_adjclose_1,buy_profit,sell_profit
2014-01-27,38.060001373291016,38.630001068115234,37.5,37.7400016784668,35.2786979675293,234600,TCS,34.626514,34.1102180480957,0.0,0.6521835327148438
2014-01-28,38.040000915527344,38.189998626708984,36.11000061035156,36.4900016784668,34.1102180480957,489700,TCS,33.79012,33.13804626464844,0.0,0.320098876953125
2014-01-31,36.150001525878906,36.7599983215332,35.5099983215332,36.75,34.3532600402832,363200,TCS,33.818016,33.783042907714844,0.0,0.5352439880371094
2014-02-06,35.77000045776367,37.459999084472656,35.4900016784668,37.029998779296875,34.61499786376953,356700,TCS,34.062237,35.91434860229492,-0.5527610778808594,0.0
2014-02-07,37.13999938964844,38.790000915527344,37.13999938964844,38.41999816894531,35.91434860229492,605600,TCS,34.99613,35.69000244140625,0.0,0.9182167053222656
2014-02-19,36.900001525878906,37.0099983215332,35.5099983215332,35.810001373291016,33.47456741333008,327200,TCS,33.666016,33.32500076293945,0.0,-0.19144821166992188
2014-02-28,36.0099983215332,36.29999923706055,35.40999984741211,35.810001373291016,33.47456741333008,258800,TCS,33.50442,33.072608947753906,0.0,-0.02985382080078125
2014-03-03,35.400001525878906,36.25,35.040000915527344,35.380001068115234,33.072608947753906,236600,TCS,33.403122,33.88587188720703,0.33051300048828125,0.0
2014-03-04,35.7400016784668,36.5,35.290000915527344,36.25,33.88587188720703,347700,TCS,33.659687,33.69891357421875,0.0,0.22618484497070312
2014-03-10,34.65999984741211,35.099998474121094,34.08000183105469,34.7599983215332,32.4930419921875,440600,TCS,32.56007,31.876085281372074,0.0,-0.06702804565429688
2014-03-19,35.84000015258789,36.0,34.81999969482422,34.97999954223633,32.69869613647461,157400,TCS,32.94017,33.24087142944336,0.24147415161132812,0.0
2014-03-21,35.63999938964844,35.900001525878906,34.16999816894531,34.470001220703125,32.22195816040039,1063800,TCS,31.912252,31.65174102783203,0.0,0.3097057342529297
2014-03-24,34.5,34.810001373291016,33.20000076293945,33.86000061035156,31.65174102783203,458000,TCS,31.503832,30.913261413574215,0.0,0.14790916442871094
2014-04-22,31.479999542236328,31.709999084472656,31.0,31.440000534057617,29.38956642150879,395700,TCS,29.395023,29.127826690673828,0.0,-0.0054569244384765625
2014-04-23,31.25,32.04999923706055,31.059999465942383,31.15999984741211,29.127826690673828,441200,TCS,29.242718,28.669782638549805,0.0,-0.11489105224609375
2014-05-08,25.790000915527344,26.81999969482422,25.559999465942383,25.790000915527344,24.10804557800293,713300,TCS,24.522404,24.257610321044922,0.41435813903808594,0.0
2014-05-14,27.06999969482422,27.5,26.700000762939453,26.920000076293945,25.164348602294922,301700,TCS,25.720592,25.36999893188477,0.556243896484375,0.0
2014-06-02,28.75,28.989999771118164,26.8700008392334,26.950000762939453,25.192392349243164,350300,TCS,25.885683,25.771957397460938,0.6932907104492188,0.0
2014-06-06,27.139999389648438,27.8700008392334,26.899999618530273,27.510000228881836,25.715869903564453,273800,TCS,25.670923,25.70652198791504,0.0,0.04494667053222656
2014-06-09,27.5,27.850000381469727,27.350000381469727,27.5,25.70652198791504,287800,TCS,25.835325,25.58500099182129,0.0,-0.12880325317382812
2014-06-11,27.149999618530273,27.6200008392334,27.149999618530273,27.56999969482422,25.771957397460938,91600,TCS,25.956959,26.164566040039062,0.18500137329101562,0.0
2014-06-13,27.989999771118164,28.1200008392334,27.299999237060547,27.729999542236328,25.92152214050293,197800,TCS,26.061903,26.660001754760742,0.140380859375,0.0
2014-07-03,27.5,27.989999771118164,27.0,27.260000228881836,25.482173919677734,340300,TCS,25.473583,25.725217819213867,-0.0085906982421875,0.0
2014-08-04,21.0,21.59000015258789,20.670000076293945,21.530000686645508,20.125869750976562,482300,TCS,20.21094,19.789348602294922,0.0,-0.08506965637207031
2014-08-13,21.899999618530273,21.959999084472656,21.170000076293945,21.40999984741211,20.013696670532227,217600,TCS,20.457178,20.172609329223633,0.4434814453125,0.0
2014-08-15,21.790000915527344,21.790000915527344,20.690000534057617,21.0,19.630435943603516,404500,TCS,20.00959,19.658479690551758,0.3791542053222656,0.0
2014-09-09,22.049999237060547,22.360000610351562,21.170000076293945,21.329999923706055,19.938913345336914,265400,TCS,20.457096,20.21934700012207,0.5181827545166016,0.0
2014-09-17,23.110000610351562,23.170000076293945,22.100000381469727,22.450000762939453,20.985870361328125,330400,TCS,21.2728,21.359783172607422,0.2869300842285156,0.0
2014-09-22,23.75,23.8799991607666,22.790000915527344,23.31999969482422,21.799131393432617,394400,TCS,21.734644,21.574783325195312,0.0,0.06448745727539062
2014-09-29,22.969999313354492,23.489999771118164,22.209999084472656,22.56999969482422,21.09804344177246,249500,TCS,21.14809,20.350217819213867,0.0,-0.05004692077636719
2014-10-03,22.760000228881836,23.229999542236328,22.540000915527344,22.770000457763672,21.28499984741211,492300,TCS,20.939945,20.462390899658203,0.0,0.34505462646484375
2014-10-06,22.799999237060547,23.149999618530273,21.729999542236328,21.889999389648438,20.462390899658203,1542500,TCS,20.252901,15.367826461791994,0.0,0.2094898223876953
2014-10-10,16.0,16.489999771118164,15.680000305175781,16.059999465942383,15.012608528137207,496100,TCS,15.104937,14.638695716857912,0.0,-0.09232807159423828
2014-10-20,17.209999084472656,17.549999237060547,17.06999969482422,17.40999984741211,16.274564743041992,329200,TCS,16.54467,16.1904354095459,0.0,-0.27010536193847656
2014-10-21,17.579999923706055,17.600000381469727,17.18000030517578,17.31999969482422,16.1904354095459,264400,TCS,16.4518,15.881956100463867,0.0,-0.2613639831542969
2014-10-27,17.299999237060547,17.469999313354492,16.790000915527344,16.84000015258789,15.741739273071289,189600,TCS,16.093498,16.283912658691406,0.3517589569091797,0.0
2014-11-19,23.25,23.25,21.81999969482422,22.0,20.565217971801758,284500,TCS,20.790394,21.59347915649414,0.2251758575439453,0.0
2014-11-26,22.75,23.040000915527344,21.81999969482422,22.010000228881836,20.574565887451172,332400,TCS,20.857576,20.35956573486328,0.0,-0.28301048278808594
2014-12-03,19.06999969482422,19.06999969482422,18.700000762939453,18.799999237060547,17.57391357421875,474500,TCS,17.621798,16.713912963867188,0.0,-0.04788398742675781
2014-12-19,19.170000076293945,19.469999313354492,18.739999771118164,19.020000457763672,17.779565811157227,310000,TCS,17.823612,18.57413101196289,0.04404640197753906,0.0
2014-12-26,20.489999771118164,20.700000762939453,19.360000610351562,19.459999084472656,18.190868377685547,246100,TCS,18.343222,18.6676082611084,0.15235328674316406,0.0
2014-12-29,19.469999313354492,20.18000030517578,19.299999237060547,19.969999313354492,18.6676082611084,253700,TCS,18.5232,18.02260971069336,0.0,0.1444091796875
2015-01-02,19.290000915527344,19.770000457763672,18.989999771118164,19.3799991607666,18.116086959838867,280800,TCS,17.979254,17.12521743774414,0.0,0.13683319091796875
2015-01-06,18.389999389648438,18.690000534057617,17.530000686645508,18.479999542236328,17.274782180786133,457700,TCS,17.12636,19.013479232788086,-0.1484222412109375,0.0
2015-01-08,20.700000762939453,21.68000030517578,19.510000228881836,21.209999084472656,19.826738357543945,1113300,TCS,19.156593,17.00369644165039,0.0,0.6701450347900391
2015-01-23,18.790000915527344,18.940000534057617,18.270000457763672,18.829999923706055,17.601957321166992,242700,TCS,17.743488,17.845001220703125,0.14153099060058594,0.0
2015-01-28,18.90999984741211,19.030000686645508,18.110000610351562,18.690000534057617,17.471088409423828,256700,TCS,17.642347,17.85434913635254,0.17125892639160156,0.0
2015-02-05,19.190000534057617,19.75,19.1299991607666,19.270000457763672,18.013261795043945,179700,TCS,18.17667,17.994565963745117,0.0,-0.1634082794189453
2015-02-06,19.209999084472656,19.399999618530273,18.93000030517578,19.25,17.994565963745117,126700,TCS,18.143457,17.845001220703125,0.0,-0.14889144897460938
2015-02-11,19.489999771118164,20.0,19.280000686645508,19.989999771118164,18.686304092407227,258300,TCS,18.505732,18.71434783935547,-0.180572509765625,0.0
2015-02-20,19.860000610351562,19.959999084472656,19.139999389648438,19.56999969482422,18.2936954498291,200000,TCS,18.254549,17.592609405517578,0.0,0.03914642333984375
2015-03-03,18.649999618530273,19.170000076293945,18.6200008392334,19.010000228881836,17.770217895507812,205900,TCS,17.715178,17.452392578125,0.0,0.05504035949707031
2015-03-10,18.010000228881836,18.420000076293945,17.8799991607666,18.290000915527344,17.09717559814453,129000,TCS,17.14718,17.34021759033203,0.05000495910644531,0.0
2015-03-12,18.469999313354492,18.979999542236328,18.459999084472656,18.940000534057617,17.704782485961914,144600,TCS,17.705482,17.6954345703125,0.0,-0.0006999969482421875
2015-03-31,19.030000686645508,19.56999969482422,18.739999771118164,19.049999237060547,17.807607650756836,163300,TCS,17.77052,17.50847816467285,0.0,0.03708839416503906
2015-04-14,22.229999542236328,23.5,21.940000534057617,22.889999389648438,21.397172927856445,282000,TCS,20.976736,21.013912200927738,0.0,0.4204368591308594
2015-04-22,22.459999084472656,22.5,21.579999923706055,22.049999237060547,20.611955642700195,133400,TCS,20.462446,20.33152198791504,0.0,0.14950942993164062
2015-04-23,22.5,22.5,21.389999389648438,21.75,20.33152198791504,265600,TCS,20.099436,20.069782257080078,0.0,0.232086181640625
2015-04-24,21.75,21.889999389648438,21.270000457763672,21.469999313354492,20.069782257080078,177800,TCS,19.925116,20.275436401367188,-0.1446666717529297,0.0
2015-05-22,17.700000762939453,18.110000610351562,17.450000762939453,17.770000457763672,16.611087799072266,243600,TCS,16.63768,16.629783630371094,0.026592254638671875,0.0
2015-05-28,17.969999313354492,18.469999313354492,17.90999984741211,18.459999084472656,17.256086349487305,153800,TCS,17.23297,17.162609100341797,0.0,0.0231170654296875
2015-05-29,18.40999984741211,18.8700008392334,18.06999969482422,18.360000610351562,17.162609100341797,202400,TCS,17.273197,16.713912963867188,0.0,-0.11058807373046875
2015-06-01,18.3799991607666,18.399999618530273,17.760000228881836,17.8799991607666,16.713912963867188,114400,TCS,16.939089,16.60173988342285,0.0,-0.2251758575439453
2015-06-04,17.559999465942383,17.690000534057617,17.15999984741211,17.200000762939453,16.078262329101562,101200,TCS,16.31182,15.582826614379883,0.0,-0.23355674743652344
2015-06-09,16.860000610351562,17.440000534057617,16.84000015258789,16.950000762939453,15.844566345214844,46900,TCS,16.020836,15.844566345214844,0.0,0.0
2015-06-11,17.049999237060547,17.170000076293945,16.700000762939453,17.020000457763672,15.910000801086426,66400,TCS,15.941555,15.844566345214844,0.0,-0.031554222106933594
2015-06-22,16.950000762939453,16.950000762939453,16.579999923706055,16.65999984741211,15.573478698730469,166600,TCS,15.750442,15.853912353515627,0.17696285247802734,0.0
2015-06-25,17.170000076293945,17.600000381469727,17.0,17.40999984741211,16.274564743041992,144500,TCS,16.388393,16.23717498779297,0.0,-0.11382865905761719
2015-07-09,17.940000534057617,18.25,17.3700008392334,17.889999389648438,16.7232608795166,644600,TCS,16.6945,17.200000762939453,-0.028760910034179688,0.0
2015-07-15,18.739999771118164,18.920000076293945,18.260000228881836,18.299999237060547,17.106521606445312,134400,TCS,17.227018,17.06913185119629,0.0,-0.12049674987792969
2015-07-22,18.1200008392334,18.450000762939453,18.0,18.1200008392334,16.938261032104492,146600,TCS,16.909224,16.8541316986084,0.0,0.0290374755859375
2015-07-27,18.299999237060547,18.3799991607666,17.84000015258789,17.940000534057617,16.770000457763672,132900,TCS,16.79937,16.826087951660156,0.029369354248046875,0.0
2015-07-28,18.149999618530273,18.149999618530273,17.670000076293945,18.0,16.826087951660156,133500,TCS,16.702408,17.17195701599121,-0.12368011474609375,0.0
2015-07-29,18.049999237060547,18.489999771118164,17.959999084472656,18.3700008392334,17.17195701599121,87100,TCS,16.964092,17.23739242553711,-0.20786476135253906,0.0
2015-07-30,18.299999237060547,18.649999618530273,18.110000610351562,18.440000534057617,17.23739242553711,233000,TCS,17.070004,16.994348526000977,0.0,0.167388916015625
2015-07-31,18.43000030517578,18.860000610351562,18.110000610351562,18.18000030517578,16.994348526000977,93500,TCS,17.007088,16.153043746948242,0.0,-0.012739181518554688
2015-08-03,18.270000457763672,18.270000457763672,17.139999389648438,17.280000686645508,16.153043746948242,199100,TCS,16.28852,16.181087493896484,0.13547706604003906,0.0
2015-08-11,16.93000030517578,17.079999923706055,16.75,16.81999969482422,15.723043441772461,122100,TCS,15.741833,15.582826614379883,0.0,-0.018789291381835938
2015-08-14,16.40999984741211,16.649999618530273,16.049999237060547,16.25,15.190217971801758,136900,TCS,15.19985,15.143479347229002,0.0,-0.009632110595703125
2015-08-17,16.139999389648438,16.290000915527344,15.869999885559082,16.200000762939453,15.143479347229004,194000,TCS,15.086751,14.919130325317383,0.0,0.056728363037109375
2015-08-26,15.979999542236328,15.979999542236328,15.270000457763672,15.880000114440918,14.844347953796387,146000,TCS,14.727572,15.106086730957031,-0.1167755126953125,0.0
2015-09-08,16.579999923706055,17.0,16.549999237060547,16.940000534057617,15.83521842956543,105200,TCS,15.799089,15.807173728942871,0.0,0.036128997802734375
2015-09-09,17.059999465942383,17.18000030517578,16.639999389648438,16.90999984741211,15.807173728942871,176800,TCS,15.82926,15.872608184814453,0.022086143493652344,0.0
2015-09-21,16.100000381469727,16.3799991607666,15.770000457763672,15.869999885559082,14.835000038146973,100600,TCS,14.900346,14.507826805114746,0.0,-0.06534576416015625
2015-09-29,15.109999656677246,15.149999618530273,13.960000038146973,14.220000267028809,13.292609214782715,390800,TCS,13.442654,13.161739349365234,0.0,-0.15004444122314453
2015-10-12,11.90999984741211,12.760000228881836,11.899999618530273,12.729999542236328,11.899782180786133,391200,TCS,11.777598,11.208043098449705,0.0,0.12218379974365234
2015-11-13,11.609999656677246,11.75,10.899999618530273,11.010000228881836,10.291956901550293,329800,TCS,10.514823,10.563043594360352,0.22286605834960938,0.0
2015-12-04,10.119999885559082,10.40999984741211,10.039999961853027,10.289999961853027,9.618912696838379,195200,TCS,9.76276,9.273043632507324,0.0,-0.14384746551513672
2015-12-08,9.789999961853027,10.09000015258789,9.699999809265137,10.010000228881836,9.357173919677734,181300,TCS,9.510375,9.245000839233398,0.0,-0.15320110321044922
2015-12-10,9.890000343322754,10.109999656677246,9.760000228881836,10.100000381469727,9.441305160522461,207700,TCS,9.534037,7.590435028076172,0.0,-0.09273147583007812
2015-12-11,9.399999618530273,9.470000267028809,7.940000057220459,8.119999885559082,7.590435028076172,1306500,TCS,8.098886,7.0202178955078125,0.0,-0.5084505081176758
2015-12-16,7.809999942779541,8.149999618530273,7.679999828338623,7.800000190734863,7.291304588317871,602900,TCS,7.289821,6.702391624450684,0.0,0.0014834403991699219
2015-12-23,8.010000228881836,8.300000190734863,8.010000228881836,8.020000457763672,7.496957302093506,199700,TCS,7.6276164,7.4689130783081055,0.0,-0.1306591033935547
2015-12-24,8.0,8.0600004196167,7.829999923706055,7.989999771118164,7.4689130783081055,73700,TCS,7.5598483,7.338043689727781,0.0,-0.09093523025512695
2016-01-05,8.199999809265137,8.25,7.610000133514404,7.760000228881836,7.253913402557373,372300,TCS,7.356598,7.0763044357299805,0.0,-0.10268449783325195
2016-01-12,4.599999904632568,5.03000020980835,4.599999904632568,4.929999828338623,4.60847806930542,1748200,TCS,4.5431633,4.477608680725098,0.0,0.06531476974487305
2016-01-15,4.650000095367432,4.679999828338623,4.369999885559082,4.619999885559082,4.318695545196533,800500,TCS,4.5062947,4.113043785095215,0.0,-0.18759918212890625
2016-01-19,4.630000114440918,4.679999828338623,4.28000020980835,4.400000095367432,4.113043785095215,641900,TCS,4.3752723,4.243913173675537,0.26222848892211914,0.0
2016-01-22,4.920000076293945,5.03000020980835,4.579999923706055,4.590000152587891,4.290652275085449,423800,TCS,4.670822,3.888695478439331,0.0,-0.3801698684692383
2016-01-25,4.519999980926514,4.559999942779541,4.139999866485596,4.159999847412109,3.888695478439331,449200,TCS,4.29123,4.122391223907471,0.40253472328186035,0.0
2016-01-27,4.449999809265137,4.559999942779541,4.340000152587891,4.349999904632568,4.0663042068481445,325300,TCS,4.2612596,3.888695478439331,0.0,-0.19495534896850586
2016-02-01,4.309999942779541,4.380000114440918,4.170000076293945,4.329999923706055,4.047608852386475,321700,TCS,4.1389184,3.851304292678833,0.0,-0.0913095474243164
2016-02-18,5.070000171661377,5.28000020980835,4.909999847412109,5.21999979019165,4.879565238952637,452500,TCS,5.0134435,4.870217323303223,0.0,-0.13387823104858398
2016-02-23,5.349999904632568,5.349999904632568,5.190000057220459,5.260000228881836,4.916956901550293,380100,TCS,5.0767307,4.7860870361328125,0.0,-0.1597738265991211
2016-02-24,5.25,5.25,5.050000190734863,5.119999885559082,4.7860870361328125,394500,TCS,4.951816,4.776739120483398,0.0,-0.16572904586791992
2016-02-29,5.28000020980835,5.699999809265137,5.269999980926514,5.409999847412109,5.057173728942871,446000,TCS,5.1045375,5.057173728942871,0.0,0.0
2016-03-01,5.409999847412109,5.579999923706055,5.320000171661377,5.409999847412109,5.057173728942871,487500,TCS,5.1382217,5.094564914703369,0.08104801177978516,0.0
2016-03-11,5.78000020980835,6.139999866485596,5.75,6.070000171661377,5.674130916595459,187900,TCS,5.880494,5.618043899536133,0.0,-0.20636320114135742
2016-03-16,5.599999904632568,5.739999771118164,5.519999980926514,5.590000152587891,5.22543478012085,183300,TCS,5.609308,5.5900001525878915,0.38387298583984375,0.0
2016-03-21,6.269999980926514,6.429999828338623,6.03000020980835,6.309999942779541,5.8984785079956055,297300,TCS,6.4370947,5.636739253997803,0.0,-0.5386161804199219
2016-03-22,6.269999980926514,6.340000152587891,6.0,6.03000020980835,5.636739253997803,169800,TCS,5.9179177,5.365652084350586,0.0,-0.28117847442626953
2016-04-04,6.239999771118164,6.389999866485596,6.139999866485596,6.199999809265137,5.795651912689209,249400,TCS,5.787964,5.468478202819824,0.0,0.007688045501708984
2016-04-11,5.650000095367432,5.909999847412109,5.650000095367432,5.699999809265137,5.328260898590088,141600,TCS,5.2877893,5.52456521987915,-0.040471553802490234,0.0
2016-05-05,6.489999771118164,6.610000133514404,6.320000171661377,6.389999866485596,5.973260879516602,205100,TCS,6.008968,6.019999980926514,0.03570699691772461,0.0
2016-05-10,6.489999771118164,6.53000020980835,6.349999904632568,6.389999866485596,5.973260879516602,207400,TCS,6.0107465,5.5713043212890625,0.0,-0.037485599517822266
2016-05-16,5.510000228881836,5.699999809265137,5.449999809265137,5.460000038146973,5.103913307189941,197800,TCS,5.061382,5.169348239898682,-0.042531490325927734,0.0
2016-05-19,5.300000190734863,5.46999979019165,5.099999904632568,5.110000133514404,4.776739120483398,312400,TCS,4.770677,4.991739273071289,-0.006062030792236328,0.0
2016-06-08,5.539999961853027,5.579999923706055,5.420000076293945,5.550000190734863,5.188043594360352,163100,TCS,5.134996,4.945000171661377,0.0,0.05304765701293945
2016-06-17,4.599999904632568,4.909999847412109,4.599999904632568,4.889999866485596,4.571086883544922,820000,TCS,4.4444833,4.730000019073486,-0.1266036033630371,0.0
2016-07-07,5.340000152587891,5.519999980926514,5.289999961853027,5.340000152587891,4.991739273071289,125100,TCS,5.070023,5.131956577301025,0.07828378677368164,0.0
2016-07-13,5.889999866485596,5.960000038146973,5.559999942779541,5.650000095367432,5.281521797180176,255300,TCS,5.326949,5.384347915649414,0.04542732238769531,0.0
2016-07-15,5.800000190734863,5.829999923706055,5.650000095367432,5.730000019073486,5.35630464553833,241300,TCS,5.312778,5.543260574340821,-0.043526649475097656,0.0
2016-07-18,5.699999809265137,5.980000019073486,5.659999847412109,5.929999828338623,5.54326057434082,274500,TCS,5.4559803,5.468478202819824,0.0,0.0872802734375
2016-07-22,5.900000095367432,6.110000133514404,5.820000171661377,6.050000190734863,5.655435085296631,192200,TCS,5.5851746,5.636739253997803,0.0,0.07026052474975586
2016-07-26,6.039999961853027,6.139999866485596,5.909999847412109,5.920000076293945,5.5339131355285645,104800,TCS,5.535166,5.487174034118653,0.0,-0.0012526512145996094
2016-07-28,5.849999904632568,5.869999885559082,5.619999885559082,5.650000095367432,5.281521797180176,153900,TCS,5.2738895,5.169348239898682,0.0,0.007632255554199219
2016-08-03,5.260000228881836,5.440000057220459,5.190000057220459,5.429999828338623,5.075869560241699,168600,TCS,4.968495,4.954348087310791,0.0,0.10737466812133789
2016-08-15,5.28000020980835,5.440000057220459,5.25,5.309999942779541,4.963695526123047,139200,TCS,4.9525294,4.963695526123047,0.0,0.0
2016-08-18,5.239999771118164,5.349999904632568,5.199999809265137,5.320000171661377,4.973043918609619,139400,TCS,4.9559555,4.954348087310791,0.0,0.01708841323852539
2016-08-25,5.369999885559082,5.460000038146973,5.289999961853027,5.329999923706055,4.982391357421875,128200,TCS,4.989009,4.945000171661377,0.0,-0.006617546081542969
2016-08-30,5.289999961853027,5.389999866485596,5.25,5.300000190734863,4.954348087310791,97600,TCS,4.937458,4.973043918609619,-0.01689004898071289,0.0
2016-09-01,5.340000152587891,5.360000133514404,5.230000019073486,5.349999904632568,5.001087188720703,185000,TCS,4.9517965,4.982391357421875,0.0,0.04929065704345703
2016-09-19,4.949999809265137,5.070000171661377,4.909999847412109,4.929999828338623,4.60847806930542,124200,TCS,4.545496,4.636521816253662,-0.06298208236694336,0.0
2016-10-04,5.210000038146973,5.210000038146973,5.039999961853027,5.059999942779541,4.730000019073486,146900,TCS,4.6664557,4.926304340362549,-0.06354427337646484,0.0
2016-10-10,5.289999961853027,5.460000038146973,5.28000020980835,5.400000095367432,5.047826290130615,109000,TCS,4.9249706,5.001087188720703,0.0,0.12285566329956055
2016-10-11,5.400000095367432,5.5,5.320000171661377,5.349999904632568,5.001087188720703,135400,TCS,4.9155602,4.543043613433838,0.0,0.08552694320678711
2016-10-14,4.679999828338623,4.78000020980835,4.619999885559082,4.659999847412109,4.356086730957031,219200,TCS,4.2306485,4.4215216636657715,-0.12543821334838867,0.0
2016-10-17,4.679999828338623,4.789999961853027,4.579999923706055,4.730000019073486,4.4215216636657715,126600,TCS,4.273856,4.561739444732666,-0.14766550064086914,0.0
2016-10-21,5.099999904632568,5.360000133514404,5.079999923706055,5.289999961853027,4.945000171661377,137100,TCS,4.8364987,4.842174053192139,0.0,0.10850143432617188
2016-10-28,4.849999904632568,4.949999809265137,4.840000152587891,4.909999847412109,4.58978271484375,91400,TCS,4.4496884,4.561739444732666,0.0,0.14009428024291992
2016-11-02,4.789999961853027,4.900000095367432,4.78000020980835,4.800000190734863,4.486956596374512,88700,TCS,4.3794885,4.318695545196533,0.0,0.1074681282043457
2016-11-04,4.639999866485596,4.829999923706055,4.639999866485596,4.679999828338623,4.374782562255859,118100,TCS,4.2469063,4.449565410614014,-0.12787628173828125,0.0
2016-11-29,5.860000133514404,6.059999942779541,5.800000190734863,5.989999771118164,5.5993475914001465,554700,TCS,5.461118,5.375,0.0,0.1382293701171875
2016-12-01,5.789999961853027,5.900000095367432,5.679999828338623,5.809999942779541,5.431087017059326,255500,TCS,5.375462,5.5152177810668945,-0.055624961853027344,0.0
2016-12-06,6.0,6.269999980926514,5.940000057220459,6.230000019073486,5.823695659637451,354000,TCS,5.701733,6.347174167633056,-0.1219625473022461,0.0
2016-12-08,6.840000152587891,7.539999961853027,6.699999809265137,7.510000228881836,7.0202178955078125,670500,TCS,6.7675524,7.543695449829101,-0.25266551971435547,0.0
2016-12-16,7.050000190734863,7.329999923706055,7.010000228881836,7.119999885559082,6.655652046203613,521600,TCS,6.58135,6.487391471862793,0.0,0.07430219650268555
2016-12-23,6.659999847412109,6.789999961853027,6.440000057220459,6.539999961853027,6.113478183746338,265700,TCS,6.104011,6.197608947753906,-0.009467124938964844,0.0
2017-01-04,6.510000228881836,6.739999771118164,6.5,6.690000057220459,6.253695964813232,193200,TCS,6.142211,5.879782676696778,0.0,0.11148500442504883
2017-01-06,6.289999961853027,6.289999961853027,5.820000171661377,5.829999923706055,5.449782848358154,548300,TCS,5.4479675,5.35630464553833,0.0,0.0018153190612792969
2017-01-13,5.659999847412109,5.760000228881836,5.550000190734863,5.590000152587891,5.22543478012085,135100,TCS,5.1880465,4.842174053192139,0.0,0.03738832473754883
2017-01-18,5.119999885559082,5.179999828338623,5.0,5.170000076293945,4.832826137542725,340500,TCS,4.783341,4.7580437660217285,0.0,0.049485206604003906
2017-01-23,5.090000152587891,5.130000114440918,4.960000038146973,5.079999923706055,4.7486958503723145,202100,TCS,4.7649293,4.730000019073486,0.0,-0.016233444213867188
2017-01-24,5.079999923706055,5.150000095367432,5.010000228881836,5.059999942779541,4.730000019073486,234800,TCS,4.76809,4.767391204833984,0.038089752197265625,0.0
2017-01-26,5.110000133514404,5.110000133514404,5.0,5.010000228881836,4.683261394500732,215100,TCS,4.7222133,4.730000019073486,0.038951873779296875,0.0
2017-01-30,5.03000020980835,5.039999961853027,4.849999904632568,4.880000114440918,4.561739444732666,330900,TCS,4.5919642,4.552391052246094,0.0,-0.03022480010986328
2017-02-14,4.349999904632568,4.360000133514404,4.199999809265137,4.25,3.9728262424468994,339800,TCS,4.04197,3.9915218353271484,0.06914353370666504,0.0
2017-02-23,4.289999961853027,4.300000190734863,4.190000057220459,4.210000038146973,3.9354348182678223,155500,TCS,4.0028024,4.019565582275391,0.0673675537109375,0.0
2017-03-08,3.950000047683716,4.400000095367432,3.930000066757202,4.389999866485596,4.103695392608643,346300,TCS,3.940025,3.6830434799194336,0.0,0.16367030143737793
2017-03-09,4.349999904632568,4.349999904632568,3.9200000762939453,3.940000057220459,3.6830434799194336,391000,TCS,3.7195914,3.748478651046753,0.03654789924621582,0.0
2017-03-13,4.010000228881836,4.010000228881836,3.9200000762939453,3.9600000381469727,3.7017393112182617,239800,TCS,3.6465993,3.6643478870391846,0.0,0.055140018463134766
2017-03-15,3.940000057220459,4.010000228881836,3.859999895095825,3.9800000190734863,3.7204349040985107,220000,TCS,3.655838,3.832608699798584,-0.06459689140319824,0.0
2017-03-23,3.930000066757202,4.03000020980835,3.930000066757202,3.9700000286102295,3.7110869884490967,135100,TCS,3.6520996,3.6923913955688477,0.0,0.05898737907409668
2017-04-03,4.260000228881836,4.260000228881836,4.050000190734863,4.079999923706055,3.813913106918335,107000,TCS,3.7807672,3.832608699798584,-0.033145904541015625,0.0
2017-04-04,4.050000190734863,4.139999866485596,4.050000190734863,4.099999904632568,3.832608699798584,139900,TCS,3.7469168,3.795217514038086,0.0,0.08569192886352539
2017-04-13,4.070000171661377,4.099999904632568,3.9700000286102295,4.03000020980835,3.767174243927002,155800,TCS,3.7542007,3.832608699798584,-0.012973546981811523,0.0
2017-04-21,4.25,4.28000020980835,4.119999885559082,4.239999771118164,3.9634780883789062,82000,TCS,3.9207444,3.9821741580963135,-0.04273366928100586,0.0
2017-05-02,4.119999885559082,4.349999904632568,4.119999885559082,4.289999961853027,4.010217189788818,118800,TCS,3.86846,3.9354348182678227,0.0,0.14175724983215332
2017-05-05,4.119999885559082,4.150000095367432,4.03000020980835,4.110000133514404,3.841956615447998,60800,TCS,3.7190857,3.823261022567749,0.0,0.12287092208862305
2017-05-26,5.570000171661377,5.690000057220459,5.380000114440918,5.679999828338623,5.30956506729126,957300,TCS,5.696705,5.403043746948241,0.38713979721069336,0.0
2017-06-09,5.599999904632568,5.889999866485596,5.519999980926514,5.820000171661377,5.44043493270874,521600,TCS,5.455069,5.459130764007569,0.014634132385253906,0.0
2017-06-20,5.889999866485596,5.889999866485596,5.550000190734863,5.760000228881836,5.384347915649414,313300,TCS,5.284309,5.057173728942871,0.0,0.10003900527954102
2017-07-03,5.949999809265137,6.369999885559082,5.880000114440918,6.28000020980835,5.8704352378845215,291100,TCS,5.7697425,5.300217628479005,0.0,0.1006927490234375
2017-07-05,6.21999979019165,6.21999979019165,5.619999885559082,5.670000076293945,5.300217628479004,302800,TCS,5.4370666,5.300217628479005,0.13684892654418945,0.0
2017-07-13,5.650000095367432,5.789999961853027,5.639999866485596,5.769999980926514,5.393695831298828,313800,TCS,5.310038,5.384347915649414,0.0,0.08365774154663086
2017-08-02,5.5,5.550000190734863,5.409999847412109,5.510000228881836,5.1506524085998535,426700,TCS,5.4127836,4.0382609367370605,0.0,-0.2621312141418457
2017-08-10,4.539999961853027,4.579999923706055,4.309999942779541,4.400000095367432,4.113043785095215,594600,TCS,4.10145,4.169130325317383,-0.011593818664550781,0.0
2017-08-11,4.349999904632568,4.539999961853027,4.309999942779541,4.460000038146973,4.169130325317383,203100,TCS,4.1583867,4.337391376495361,-0.01074361801147461,0.0
2017-08-17,4.239999771118164,4.380000114440918,4.199999809265137,4.329999923706055,4.047608852386475,193400,TCS,4.0079117,4.0289130210876465,0.0,0.03969717025756836
2017-08-22,4.170000076293945,4.210000038146973,4.059999942779541,4.150000095367432,3.879348039627075,148100,TCS,3.8497527,3.888695478439331,-0.029595375061035156,0.0
2017-08-29,4.309999942779541,4.309999942779541,4.059999942779541,4.110000133514404,3.841956615447998,193300,TCS,3.8100677,3.8419566154479985,-0.03188896179199219,0.0
2017-09-01,4.059999942779541,4.21999979019165,4.03000020980835,4.21999979019165,3.9447824954986572,152000,TCS,3.8163447,3.8419566154479985,0.0,0.12843775749206543
2017-09-06,4.150000095367432,4.199999809265137,4.039999961853027,4.110000133514404,3.841956615447998,139200,TCS,3.7369428,3.926086902618408,-0.10501384735107422,0.0
2017-09-15,4.159999847412109,4.199999809265137,4.079999923706055,4.150000095367432,3.879348039627075,227800,TCS,3.7557926,3.8699998855590816,0.0,0.12355542182922363
2017-09-26,4.25,4.360000133514404,4.239999771118164,4.269999980926514,3.9915218353271484,60500,TCS,3.905354,4.0008697509765625,-0.08616781234741211,0.0
2017-10-02,4.239999771118164,4.28000020980835,4.190000057220459,4.260000228881836,3.9821741580963135,93700,TCS,3.8690276,3.9167392253875732,0.0,0.11314654350280762
2017-10-04,4.230000019073486,4.380000114440918,4.199999809265137,4.25,3.9728262424468994,192700,TCS,3.8802862,3.9728262424469,-0.09254002571105957,0.0
2017-10-05,4.25,4.329999923706055,4.199999809265137,4.25,3.9728262424468994,93200,TCS,3.9068367,3.9541304111480713,0.0,0.06598949432373047
2017-10-09,4.210000038146973,4.239999771118164,4.010000228881836,4.059999942779541,3.795217514038086,201200,TCS,3.7617915,3.7858698368072505,0.0,0.03342604637145996
2017-10-16,3.9600000381469727,4.110000133514404,3.940000057220459,4.090000152587891,3.823261022567749,127500,TCS,3.69241,3.9541304111480713,-0.13085103034973145,0.0
2017-10-19,4.050000190734863,4.070000171661377,3.9000000953674316,3.940000057220459,3.6830434799194336,178600,TCS,3.639934,3.7297825813293457,-0.04310941696166992,0.0
2017-10-25,3.930000066757202,3.9800000190734863,3.9100000858306885,3.9700000286102295,3.7110869884490967,137200,TCS,3.5895884,3.6830434799194336,0.0,0.12149858474731445
2017-10-31,3.7100000381469727,3.740000009536743,3.5999999046325684,3.609999895095825,3.3745651245117188,227200,TCS,3.2518172,3.440000057220459,-0.12274789810180664,0.0
2017-11-01,3.630000114440918,3.8299999237060547,3.619999885559082,3.680000066757202,3.440000057220459,214200,TCS,3.2984776,3.393260955810547,0.0,0.14152240753173828
2017-11-10,5.369999885559082,5.489999771118164,5.199999809265137,5.369999885559082,5.019782543182373,388900,TCS,5.1270905,5.197391510009766,0.10730791091918945,0.0
2017-11-17,5.309999942779541,5.550000190734863,5.210000038146973,5.510000228881836,5.1506524085998535,223500,TCS,5.0251145,5.1413044929504395,0.0,0.12553787231445312
2017-11-21,5.510000228881836,5.550000190734863,5.329999923706055,5.400000095367432,5.047826290130615,120500,TCS,5.056452,4.842174053192139,0.0,-0.008625507354736328
2017-12-05,6.070000171661377,6.130000114440918,5.889999866485596,6.050000190734863,5.655435085296631,129400,TCS,5.5661855,5.636739253997803,0.0,0.0892496109008789
2017-12-06,6.059999942779541,6.150000095367432,5.929999828338623,6.03000020980835,5.636739253997803,100900,TCS,5.5507345,5.674130916595459,-0.08600473403930664,0.0
2017-12-11,5.940000057220459,5.949999809265137,5.630000114440918,5.670000076293945,5.300217628479004,148400,TCS,5.2583055,5.159999847412109,0.0,0.041912078857421875
2017-12-15,5.300000190734863,5.460000038146973,5.260000228881836,5.340000152587891,4.991739273071289,297600,TCS,4.885298,5.20673942565918,-0.10644149780273438,0.0
2017-12-18,5.369999885559082,5.579999923706055,5.329999923706055,5.570000171661377,5.20673942565918,78200,TCS,5.074814,5.001087188720703,0.0,0.1319255828857422
2017-12-19,5.559999942779541,5.570000171661377,5.300000190734863,5.349999904632568,5.001087188720703,90800,TCS,4.9675617,5.057173728942871,-0.03352546691894531,0.0
2017-12-21,5.349999904632568,5.489999771118164,5.349999904632568,5.409999847412109,5.057173728942871,73200,TCS,4.9797263,5.019782543182373,0.0,0.07744741439819336
2017-12-27,5.389999866485596,5.389999866485596,4.800000190734863,4.960000038146973,4.636521816253662,347200,TCS,4.5947843,4.7393479347229,-0.04173755645751953,0.0
2017-12-29,5.050000190734863,5.050000190734863,4.730000019073486,4.739999771118164,4.4308695793151855,293300,TCS,4.372053,4.7486958503723145,-0.05881643295288086,0.0
2018-01-04,4.849999904632568,4.989999771118164,4.75,4.960000038146973,4.636521816253662,247800,TCS,4.5104175,4.533695697784424,0.0,0.12610435485839844
2018-01-09,4.869999885559082,4.869999885559082,4.570000171661377,4.639999866485596,4.337391376495361,263100,TCS,4.288017,4.60847806930542,-0.04937458038330078,0.0
2018-01-10,4.619999885559082,4.940000057220459,4.570000171661377,4.929999828338623,4.60847806930542,193300,TCS,4.4901485,4.664565086364746,-0.11832952499389648,0.0
2018-01-16,5.010000228881836,5.010000228881836,4.550000190734863,4.739999771118164,4.4308695793151855,310800,TCS,4.396348,4.543043613433838,-0.03452157974243164,0.0
2018-01-26,5.039999961853027,5.039999961853027,4.820000171661377,4.960000038146973,4.636521816253662,150400,TCS,4.530671,4.580434799194336,0.0,0.1058506965637207
2018-02-16,5.039999961853027,5.170000076293945,4.929999828338623,4.989999771118164,4.664565086364746,400000,TCS,4.6032066,4.533695697784424,0.0,0.06135845184326172
2018-03-06,4.71999979019165,4.949999809265137,4.690000057220459,4.909999847412109,4.58978271484375,105200,TCS,4.4402876,4.599130630493164,-0.14949512481689453,0.0
2018-03-16,5.53000020980835,5.789999961853027,5.480000019073486,5.650000095367432,5.281521797180176,290700,TCS,5.156751,5.281521797180176,0.0,0.0
2018-03-22,5.449999809265137,5.480000019073486,5.230000019073486,5.360000133514404,5.010435104370117,219200,TCS,4.944163,4.963695526123047,0.0,0.06627225875854492
2018-04-11,5.71999979019165,5.829999923706055,5.710000038146973,5.75,5.375,53800,TCS,5.327214,5.328260898590087,0.0,0.04778623580932617
2018-04-30,6.369999885559082,6.400000095367432,6.179999828338623,6.230000019073486,5.823695659637451,128400,TCS,5.7531233,5.82369565963745,0.0,0.0705723762512207
2018-05-03,6.21999979019165,6.25,6.059999942779541,6.079999923706055,5.683478355407715,77200,TCS,5.6005216,5.805000305175781,-0.08295679092407227,0.0
2018-05-17,7.119999885559082,7.349999904632568,7.099999904632568,7.289999961853027,6.814565181732178,170600,TCS,6.675581,7.487608909606933,-0.13898420333862305,0.0
2018-06-04,7.699999809265137,8.029999732971191,7.690000057220459,7.849999904632568,7.338043689727783,277900,TCS,7.290278,7.4689130783081055,-0.04776573181152344,0.0
2018-06-18,8.65999984741211,8.75,8.369999885559082,8.430000305175781,7.880218029022217,197100,TCS,7.8664694,8.095217704772947,-0.013748645782470703,0.0
2018-06-21,8.65999984741211,8.930000305175781,8.609999656677246,8.710000038146973,8.141956329345703,210200,TCS,8.042232,8.132608413696289,0.0,0.09972476959228516
2018-06-27,8.710000038146973,8.75,8.319999694824219,8.329999923706055,7.786739349365234,114400,TCS,7.800759,7.983043670654296,0.014019489288330078,0.0
2018-07-16,8.170000076293945,8.289999961853027,7.949999809265137,8.100000381469727,7.571739673614502,170600,TCS,7.462462,7.683913230895997,-0.10927772521972656,0.0
2018-07-19,7.980000019073486,8.119999885559082,7.849999904632568,7.909999847412109,7.394130229949951,169900,TCS,7.363313,7.216521739959718,0.0,0.030817031860351562
2018-07-23,7.739999771118164,7.78000020980835,7.199999809265137,7.260000228881836,6.786521911621094,264200,TCS,6.8259263,6.674347877502441,0.0,-0.03940439224243164
2018-08-03,10.0,10.9399995803833,9.859999656677246,10.899999618530273,10.189129829406738,1002400,TCS,10.326033,9.890000343322754,0.0,-0.1369028091430664
2018-08-06,10.899999618530273,11.529999732971191,10.470000267028809,10.579999923706055,9.890000343322754,1039300,TCS,10.146805,10.105000495910643,0.2568044662475586,0.0
2018-08-07,10.550000190734863,11.09000015258789,10.449999809265137,10.8100004196167,10.105000495910645,617600,TCS,10.17369,10.273261070251463,0.06868934631347656,0.0
2018-08-17,11.119999885559082,11.300000190734863,10.890000343322754,11.279999732971191,10.544347763061523,347100,TCS,10.465138,10.478913307189941,0.0,0.0792093276977539
2018-08-22,11.359999656677246,11.539999961853027,11.170000076293945,11.319999694824219,10.58173942565918,250300,TCS,10.529499,10.441521644592285,0.0,0.05224037170410156
2018-08-27,11.25,11.319999694824219,11.140000343322754,11.15999984741211,10.432173728942871,173100,TCS,10.324003,10.432173728942871,0.0,0.0
2018-08-28,11.239999771118164,11.359999656677246,11.119999885559082,11.15999984741211,10.432173728942871,162500,TCS,10.335154,10.469565391540527,-0.09702014923095703,0.0
2018-09-07,11.199999809265137,11.380000114440918,10.710000038146973,10.829999923706055,10.123695373535156,160100,TCS,10.159643,10.09565258026123,0.0,-0.03594779968261719
2018-09-19,10.670000076293945,10.9399995803833,10.670000076293945,10.899999618530273,10.189129829406738,183100,TCS,10.094932,10.26391315460205,-0.09419822692871094,0.0
2018-09-20,10.649999618530273,11.029999732971191,10.569999694824219,10.979999542236328,10.26391315460205,235300,TCS,10.225176,10.460217475891113,-0.03873729705810547,0.0
2018-10-05,10.260000228881836,10.520000457763672,10.149999618530273,10.25,9.581521987915039,251000,TCS,9.649414,9.506739616394043,0.0,-0.06789207458496094
2018-10-08,10.220000267028809,10.550000190734863,10.130000114440918,10.170000076293945,9.506739616394043,274400,TCS,9.622763,9.69369602203369,0.11602306365966797,0.0
2018-10-10,10.350000381469727,10.550000190734863,10.069999694824219,10.15999984741211,9.497391700744629,248600,TCS,9.8803425,9.497391700744627,0.0,-0.3829507827758789
2018-10-11,10.1899995803833,10.550000190734863,10.119999885559082,10.15999984741211,9.497391700744629,160700,TCS,9.668137,9.338478088378906,0.0,-0.1707448959350586
2018-10-12,10.329999923706055,10.399999618530273,9.859999656677246,9.989999771118164,9.338478088378906,180100,TCS,9.443475,9.656304359436035,0.1049966812133789,0.0
2018-10-17,10.710000038146973,10.710000038146973,10.40999984741211,10.569999694824219,9.88065242767334,258900,TCS,9.894205,9.721738815307615,0.0,-0.013552665710449219
2018-10-23,9.819999694824219,10.270000457763672,9.510000228881836,10.199999809265137,9.534782409667969,423400,TCS,9.418296,8.945869445800781,0.0,0.1164865493774414
2018-10-25,9.640000343322754,10.140000343322754,9.619999885559082,9.680000305175781,9.048696517944336,230200,TCS,9.058796,8.945869445800781,0.0,-0.010099411010742188
2018-11-08,6.03000020980835,6.420000076293945,6.010000228881836,6.400000095367432,5.982608795166016,515600,TCS,6.006868,5.683478355407715,0.0,-0.024259090423583984
2018-11-12,6.019999980926514,6.21999979019165,5.980000019073486,6.139999866485596,5.739565372467041,218800,TCS,5.879513,5.543260574340821,0.0,-0.13994741439819336
2018-11-13,6.139999866485596,6.139999866485596,5.820000171661377,5.929999828338623,5.54326057434082,314300,TCS,5.663721,5.5339131355285645,0.0,-0.12046051025390625
2018-11-14,6.039999961853027,6.130000114440918,5.860000133514404,5.920000076293945,5.5339131355285645,219300,TCS,5.609762,5.5993475914001465,0.07584905624389648,0.0
2018-11-15,5.869999885559082,6.0,5.78000020980835,5.989999771118164,5.5993475914001465,185700,TCS,5.6487365,5.35630464553833,0.0,-0.049388885498046875
2018-11-29,5.690000057220459,5.800000190734863,5.610000133514404,5.690000057220459,5.318912982940674,155500,TCS,5.3328357,5.075869560241699,0.0,-0.013922691345214844
2018-12-21,4.389999866485596,4.449999809265137,4.269999980926514,4.289999961853027,4.010217189788818,283500,TCS,4.0008407,3.9447824954986572,0.0,0.00937652587890625
2018-12-27,4.360000133514404,4.480000019073486,4.309999942779541,4.449999809265137,4.159782409667969,297800,TCS,4.1488223,4.384130477905273,-0.010960102081298828,0.0
2018-12-31,4.710000038146973,4.860000133514404,4.630000114440918,4.769999980926514,4.458913326263428,456500,TCS,4.4738774,4.627173900604248,0.014964103698730469,0.0
2019-01-09,5.489999771118164,5.630000114440918,5.46999979019165,5.539999961853027,5.1786956787109375,194600,TCS,5.395838,5.337608814239502,0.21714210510253906,0.0
2019-01-11,5.699999809265137,6.03000020980835,5.639999866485596,5.860000133514404,5.477826118469238,388500,TCS,5.661185,5.496521949768066,0.18335866928100586,0.0
2019-01-16,6.070000171661377,6.150000095367432,5.920000076293945,5.989999771118164,5.5993475914001465,250900,TCS,5.615468,5.543260574340821,0.0,-0.016120433807373047
2019-01-23,6.210000038146973,6.550000190734863,6.179999828338623,6.449999809265137,6.029347896575928,271200,TCS,5.9467573,6.197608947753906,-0.08259057998657227,0.0
2019-02-08,5.730000019073486,5.869999885559082,5.400000095367432,5.619999885559082,5.253478050231934,721100,TCS,5.1309867,5.403043746948241,-0.12249135971069336,0.0
2019-02-26,6.610000133514404,6.809999942779541,6.5,6.710000038146973,6.272391319274902,332400,TCS,6.2261457,6.197608947753906,0.0,0.046245574951171875
2019-03-07,6.519999980926514,6.739999771118164,6.510000228881836,6.659999847412109,6.22565221786499,136300,TCS,6.109117,6.216304302215576,0.0,0.11653518676757812
2019-03-12,6.739999771118164,6.96999979019165,6.670000076293945,6.869999885559082,6.421956539154053,293400,TCS,6.2920775,6.347174167633056,0.0,0.12987899780273438
2019-03-19,6.869999885559082,7.079999923706055,6.739999771118164,6.889999866485596,6.440652370452881,236400,TCS,6.3329043,6.795869827270508,-0.10774803161621094,0.0
2019-04-05,8.899999618530273,8.899999618530273,8.489999771118164,8.670000076293945,8.104565620422363,354200,TCS,8.109893,8.170000076293945,0.0053272247314453125,0.0
2019-04-09,8.680000305175781,8.6899995803833,8.479999542236328,8.5,7.945652484893799,187200,TCS,8.023735,7.898912906646728,0.0,-0.07808256149291992
2019-04-12,8.34000015258789,8.649999618530273,8.3100004196167,8.520000457763672,7.964348316192627,225800,TCS,7.951449,7.926956176757812,0.0,0.012899398803710938
2019-04-26,8.239999771118164,8.420000076293945,8.15999984741211,8.359999656677246,7.814782619476318,134000,TCS,7.7123394,8.104565620422363,-0.10244321823120117,0.0
2019-05-01,8.670000076293945,9.09000015258789,8.609999656677246,8.829999923706055,8.254130363464355,282600,TCS,8.170266,8.32891273498535,-0.08386421203613281,0.0
2019-05-03,8.930000305175781,9.0,8.850000381469727,8.90999984741211,8.328912734985352,229500,TCS,8.24677,8.413043975830076,-0.08214282989501953,0.0
2019-05-14,8.5600004196167,8.600000381469727,8.279999732971191,8.520000457763672,7.964348316192627,1066600,TCS,7.7277803,7.627826213836668,0.0,0.23656797409057617
2019-05-16,8.180000305175781,8.420000076293945,8.119999885559082,8.170000076293945,7.637174129486084,662900,TCS,7.669264,7.487608909606933,0.0,-0.0320897102355957
2019-05-28,7.670000076293945,7.75,7.519999980926514,7.539999961853027,7.0482611656188965,343100,TCS,7.0753336,6.833261013031006,0.0,-0.027072429656982422
2019-05-30,7.269999980926514,7.340000152587891,7.079999923706055,7.110000133514404,6.646304607391357,361100,TCS,6.7039185,6.571522235870361,0.0,-0.05761384963989258
2019-06-05,7.650000095367432,7.800000190734863,7.25,7.320000171661377,6.84260892868042,597400,TCS,6.904295,6.805217742919922,0.0,-0.061686038970947266
2019-06-07,7.300000190734863,7.329999923706055,7.090000152587891,7.199999809265137,6.730434894561768,261700,TCS,6.7656665,6.627608776092529,0.0,-0.035231590270996094
2019-06-14,7.360000133514404,7.510000228881836,7.28000020980835,7.440000057220459,6.954782962799072,224700,TCS,6.96238,6.898695945739747,0.0,-0.0075969696044921875
2019-06-18,7.409999847412109,7.840000152587891,7.360000133514404,7.800000190734863,7.291304588317871,533500,TCS,7.1660953,7.197825908660888,0.0,0.12520933151245117
2019-06-25,7.239999771118164,7.28000020980835,7.070000171661377,7.179999828338623,6.7117390632629395,241100,TCS,6.697209,6.646304607391357,0.0,0.014530181884765625
2019-07-19,6.599999904632568,6.659999847412109,6.460000038146973,6.550000190734863,6.12282657623291,117700,TCS,6.2186675,5.9078264236450195,0.0,-0.0958409309387207
2019-07-25,6.170000076293945,6.239999771118164,6.019999980926514,6.039999961853027,5.646087169647217,427400,TCS,5.8264065,5.861086845397949,0.18031930923461914,0.0
2019-07-30,6.369999885559082,6.579999923706055,6.329999923706055,6.539999961853027,6.113478183746338,430500,TCS,6.0972543,5.711522102355957,0.0,0.016223907470703125
2019-07-31,7.0,7.0,5.760000228881836,6.110000133514404,5.711522102355957,1028500,TCS,5.6951923,5.029130458831787,0.0,0.01632976531982422
2019-08-07,5.110000133514404,5.139999866485596,4.949999809265137,4.96999979019165,4.645869255065918,446100,TCS,4.656178,4.645869255065918,0.0,0.0
2019-08-16,4.460000038146973,4.619999885559082,4.409999847412109,4.539999961853027,4.243913173675537,258300,TCS,4.149417,4.309348106384277,-0.09449625015258789,0.0
2019-08-21,4.590000152587891,4.630000114440918,4.5,4.519999980926514,4.225217342376709,146400,TCS,4.1851335,4.402826309204102,-0.040083885192871094,0.0
2019-08-30,4.659999847412109,4.659999847412109,4.389999866485596,4.480000019073486,4.187826156616211,209200,TCS,4.1530523,3.9915218353271484,0.0,0.034773826599121094
2019-09-09,4.599999904632568,4.820000171661377,4.599999904632568,4.800000190734863,4.486956596374512,213800,TCS,4.408919,4.7206525802612305,-0.07803773880004883,0.0
2019-09-10,4.800000190734863,5.090000152587891,4.800000190734863,5.050000190734863,4.7206525802612305,459000,TCS,4.6127815,4.7860870361328125,-0.10787105560302734,0.0
2019-09-11,5.050000190734863,5.130000114440918,4.920000076293945,5.119999885559082,4.7860870361328125,326000,TCS,4.7102613,4.617825984954834,0.0,0.07582569122314453
2019-09-12,5.110000133514404,5.190000057220459,4.920000076293945,4.940000057220459,4.617825984954834,310300,TCS,4.622937,4.571086883544922,0.0,-0.005111217498779297
2019-09-18,4.639999866485596,4.639999866485596,4.409999847412109,4.429999828338623,4.141087055206299,203000,TCS,4.124983,4.215869903564453,-0.01610422134399414,0.0
2019-09-23,4.320000171661377,4.369999885559082,4.170000076293945,4.309999942779541,4.0289130210876465,195000,TCS,3.976252,4.010217189788818,0.0,0.05266094207763672
2019-09-24,4.380000114440918,4.380000114440918,4.199999809265137,4.289999961853027,4.010217189788818,166400,TCS,3.941023,3.9915218353271484,0.0,0.06919407844543457
2019-10-04,4.460000038146973,4.550000190734863,4.389999866485596,4.420000076293945,4.131739139556885,141600,TCS,4.169729,4.113043785095215,0.0,-0.03799009323120117
2019-10-07,4.400000095367432,4.480000019073486,4.380000114440918,4.400000095367432,4.113043785095215,174600,TCS,4.114935,3.9354348182678227,0.0,-0.0018911361694335938
2019-10-23,4.820000171661377,5.019999980926514,4.800000190734863,4.989999771118164,4.664565086364746,221000,TCS,4.5521197,4.58978271484375,0.0,0.11244535446166992
2019-10-28,4.96999979019165,5.150000095367432,4.889999866485596,4.920000076293945,4.599130630493164,198000,TCS,4.5513453,4.7206525802612305,-0.047785282135009766,0.0
2019-11-14,3.7899999618530273,3.8499999046325684,3.75,3.809999942779541,3.5615217685699463,319400,TCS,3.4852116,3.533478260040283,0.0,0.0763101577758789
2019-12-02,4.190000057220459,4.190000057220459,3.9700000286102295,3.9800000190734863,3.7204349040985107,178100,TCS,3.6883562,3.7391304969787598,-0.03207874298095703,0.0
2019-12-03,3.930000066757202,4.019999980926514,3.8399999141693115,4.0,3.7391304969787598,264800,TCS,3.6394749,3.7204349040985107,0.0,0.0996556282043457
2019-12-05,3.990000009536743,4.059999942779541,3.859999895095825,3.930000066757202,3.6736958026885986,164800,TCS,3.584208,3.795217514038086,-0.08948779106140137,0.0
2019-12-10,3.950000047683716,4.010000228881836,3.9000000953674316,4.0,3.7391304969787598,143100,TCS,3.651665,3.8793480396270748,-0.08746552467346191,0.0
2019-12-12,4.139999866485596,4.190000057220459,4.059999942779541,4.159999847412109,3.888695478439331,196600,TCS,3.7744892,3.7858698368072505,0.0,0.11420631408691406
2019-12-19,4.090000152587891,4.139999866485596,4.03000020980835,4.130000114440918,3.860652446746826,125400,TCS,3.751901,3.898043632507324,-0.10875153541564941,0.0
2019-12-20,4.139999866485596,4.170000076293945,4.079999923706055,4.170000076293945,3.898043632507324,351300,TCS,3.7627385,4.085000038146973,-0.13530516624450684,0.0
2019-12-31,4.159999847412109,4.260000228881836,4.139999866485596,4.21999979019165,3.9447824954986572,232500,TCS,3.880235,3.9915218353271484,-0.06454753875732422,0.0
2020-01-03,4.21999979019165,4.320000171661377,4.179999828338623,4.28000020980835,4.0008697509765625,141500,TCS,3.9710608,4.159782409667969,-0.029808998107910156,0.0
2020-01-16,4.789999961853027,4.789999961853027,4.46999979019165,4.579999923706055,4.281304359436035,373100,TCS,4.275912,4.253261089324951,0.0,0.005392551422119141
2020-01-17,4.639999866485596,4.650000095367432,4.510000228881836,4.550000190734863,4.253261089324951,206600,TCS,4.245,4.187826156616211,0.0,0.00826120376586914
2020-02-05,4.5,4.71999979019165,4.130000114440918,4.170000076293945,3.898043632507324,537600,TCS,3.85221,3.8699998855590816,0.0,0.045833587646484375
2020-02-24,4.059999942779541,4.110000133514404,4.0,4.079999923706055,3.813913106918335,222400,TCS,3.7182903,3.7858698368072505,0.0,0.09562277793884277
2020-03-11,2.740000009536743,2.740000009536743,2.4000000953674316,2.4100000858306885,2.25282621383667,262700,TCS,2.198103,1.9723912477493286,0.0,0.054723262786865234
2020-03-25,2.740000009536743,3.4100000858306885,2.609999895095825,3.2200000286102295,3.009999990463257,334200,TCS,2.906043,3.3399999141693115,-0.10395693778991699,0.0
2020-04-02,2.0199999809265137,2.140000104904175,1.9900000095367432,2.119999885559082,2.119999885559082,208000,TCS,1.9368131,2.0199999809265137,0.0,0.18318676948547363
2020-04-14,2.5,2.5199999809265137,2.1500000953674316,2.200000047683716,2.200000047683716,392500,TCS,2.1614175,2.0399999618530273,0.0,0.038582563400268555
2020-05-01,2.200000047683716,2.200000047683716,1.9600000381469727,2.109999895095825,2.109999895095825,252800,TCS,2.0173886,2.0399999618530273,0.0,0.09261131286621094
2020-05-07,2.0,2.0799999237060547,2.0,2.0299999713897705,2.0299999713897705,133700,TCS,1.9698976,2.2799999713897705,-0.06010234355926514,0.0
2020-05-08,2.0799999237060547,2.299999952316284,2.0,2.2799999713897705,2.2799999713897705,256000,TCS,2.153378,2.259999990463257,0.0,0.12662196159362793
2020-05-14,2.0799999237060547,2.200000047683716,1.909999966621399,2.0199999809265137,2.0199999809265137,379300,TCS,2.0090575,2.0199999809265137,0.0,0.0
2020-05-26,2.3299999237060547,2.7200000286102295,2.309999942779541,2.6500000953674316,2.6500000953674316,583100,TCS,2.4623184,3.0199999809265137,-0.1876816749572754,0.0
2020-06-01,2.930000066757202,3.190000057220459,2.8499999046325684,3.0299999713897705,3.0299999713897705,227900,TCS,2.9078023,2.990000009536743,0.0,0.12219762802124023
2020-06-18,3.119999885559082,3.4100000858306885,3.059999942779541,3.2200000286102295,3.2200000286102295,142600,TCS,3.1802888,3.180000066757202,0.0,0.03971123695373535
2020-06-23,3.0999999046325684,3.240000009536743,3.069999933242798,3.140000104904175,3.140000104904175,178400,TCS,3.0230849,3.0,0.0,0.11691522598266602
2020-06-25,2.9200000762939453,3.0199999809265137,2.859999895095825,2.990000009536743,2.990000009536743,164100,TCS,2.8864744,3.1400001049041744,-0.10352563858032227,0.0
2020-07-06,3.2100000381469727,3.4700000286102295,3.2100000381469727,3.440000057220459,3.440000057220459,198600,TCS,3.278617,3.309999942779541,0.0,0.16138315200805664
2020-07-10,3.809999942779541,4.190000057220459,3.809999942779541,4.099999904632568,4.099999904632568,344400,TCS,4.1682997,3.720000028610229,0.0,-0.06829977035522461
2020-07-15,4.050000190734863,4.300000190734863,4.03000020980835,4.199999809265137,4.199999809265137,382400,TCS,4.0756874,4.199999809265137,0.0,0.0
2020-07-16,4.170000076293945,4.289999961853027,3.9800000190734863,4.199999809265137,4.199999809265137,215700,TCS,4.202344,4.179999828338623,0.0,-0.0023441314697265625
2020-07-22,4.190000057220459,4.449999809265137,4.190000057220459,4.309999942779541,4.309999942779541,195200,TCS,4.3144107,4.269999980926514,0.0,-0.004410743713378906
2020-08-05,3.2799999713897705,3.319999933242798,3.2200000286102295,3.299999952316284,3.299999952316284,103700,TCS,3.152533,3.200000047683716,0.0,0.14746689796447754
2020-08-07,3.2100000381469727,3.4000000953674316,3.200000047683716,3.319999933242798,3.319999933242798,138800,TCS,3.1749167,3.4200000762939453,-0.14508318901062012,0.0
2020-08-10,3.299999952316284,3.5199999809265137,3.299999952316284,3.4200000762939453,3.4200000762939453,207100,TCS,3.2857032,3.3399999141693115,0.0,0.13429689407348633
2020-08-11,3.4200000762939453,3.5199999809265137,3.3399999141693115,3.3399999141693115,3.3399999141693115,92900,TCS,3.2661848,3.3900001049041744,-0.07381510734558105,0.0
2020-08-19,3.3499999046325684,3.690000057220459,3.3499999046325684,3.640000104904175,3.640000104904175,303400,TCS,3.4655137,3.809999942779541,-0.17448639869689941,0.0
2020-08-20,3.5799999237060547,3.950000047683716,3.569999933242798,3.809999942779541,3.809999942779541,270500,TCS,3.6482623,3.789999961853027,0.0,0.16173768043518066
2020-08-26,4.03000020980835,4.159999847412109,3.9200000762939453,3.940000057220459,3.940000057220459,111600,TCS,3.8700886,3.960000038146973,-0.06991147994995117,0.0
2020-09-10,3.759999990463257,4.0,3.759999990463257,3.950000047683716,3.950000047683716,264700,TCS,3.819831,4.139999866485596,-0.13016915321350098,0.0
2020-09-14,4.289999961853027,5.0,4.289999961853027,4.829999923706055,4.829999923706055,1348200,TCS,4.553159,5.329999923706055,-0.2768406867980957,0.0
2020-09-15,4.949999809265137,5.820000171661377,4.809999942779541,5.329999923706055,5.329999923706055,1273300,TCS,5.2785473,5.920000076293946,-0.05145263671875,0.0
2020-10-07,9.15999984741211,9.720000267028809,8.260000228881836,8.800000190734863,8.800000190734863,1731400,TCS,8.884775,8.569999694824217,0.0,-0.08477497100830078
2020-10-20,9.270000457763672,10.479999542236328,9.039999961853027,10.050000190734863,10.050000190734863,2316300,TCS,9.556011,8.949999809265135,0.0,0.4939889907836914
2020-10-26,9.779999732971191,10.0,8.720000267028809,9.119999885559082,9.119999885559082,1444000,TCS,9.258918,9.239999771118164,0.1389179229736328,0.0
2020-10-27,9.239999771118164,9.4399995803833,8.9399995803833,9.239999771118164,9.239999771118164,883600,TCS,9.183036,8.819999694824217,0.0,0.05696392059326172
2020-11-13,10.149999618530273,10.420000076293945,9.859999656677246,9.979999542236328,9.979999542236328,578600,TCS,10.054047,9.739999771118162,0.0,-0.07404708862304688
2020-12-14,10.640000343322754,10.75,10.010000228881836,10.4399995803833,10.4399995803833,668200,TCS,10.680612,10.8100004196167,0.24061203002929688,0.0
2020-12-16,10.850000381469727,10.970000267028809,10.359999656677246,10.579999923706055,10.579999923706055,742700,TCS,10.656144,10.8100004196167,0.07614421844482422,0.0
2020-12-30,9.880000114440918,10.1899995803833,9.720000267028809,9.739999771118164,9.739999771118164,835900,TCS,10.205977,9.539999961853027,0.0,-0.46597766876220703
2020-12-31,9.819999694824219,9.9399995803833,9.470000267028809,9.539999961853027,9.539999961853027,1417400,TCS,10.004345,9.720000267028809,0.46434497833251953,0.0
2021-01-06,9.75,11.100000381469727,9.75,11.069999694824219,11.069999694824219,1389100,TCS,10.907914,11.350000381469728,-0.16208553314208984,0.0
2021-01-08,11.449999809265137,11.65999984741211,11.210000038146973,11.359999656677246,11.359999656677246,701200,TCS,11.582577,11.479999542236326,0.22257709503173828,0.0
2021-01-14,12.800000190734863,13.170000076293945,12.350000381469727,12.800000190734863,12.800000190734863,940600,TCS,12.808547,11.680000305175781,0.0,-0.008546829223632812
2021-01-15,12.800000190734863,12.979999542236328,11.289999961853027,11.680000305175781,11.680000305175781,962000,TCS,12.059266,11.899999618530273,0.37926578521728516,0.0
2021-01-20,12.010000228881836,12.100000381469727,11.350000381469727,11.720000267028809,11.720000267028809,477900,TCS,11.761098,12.350000381469728,0.04109764099121094,0.0
2021-01-21,11.760000228881836,12.75,11.760000228881836,12.350000381469727,12.350000381469727,577800,TCS,12.273083,12.430000305175781,-0.07691764831542969,0.0
2021-01-25,12.760000228881836,14.5600004196167,12.760000228881836,13.149999618530273,13.149999618530273,1341600,TCS,13.128828,12.9399995803833,0.0,0.02117156982421875
2021-01-28,13.25,14.210000038146973,12.699999809265137,13.270000457763672,13.270000457763672,856400,TCS,13.485318,13.630000114440918,0.2153177261352539,0.0
2021-02-17,15.359999656677246,15.630000114440918,14.869999885559082,15.119999885559082,15.119999885559082,1523800,TCS,15.086156,16.8799991607666,-0.033843994140625,0.0
2021-02-18,15.890000343322754,17.649999618530273,15.649999618530273,16.8799991607666,16.8799991607666,4298400,TCS,15.704951,17.450000762939453,-1.1750478744506836,0.0
2021-03-03,16.43000030517578,16.709999084472656,15.5600004196167,16.3700008392334,16.3700008392334,1188200,TCS,16.322395,15.729999542236328,0.0,0.04760551452636719
2021-03-04,16.010000228881836,16.600000381469727,14.890000343322754,15.729999542236328,15.729999542236328,1629900,TCS,15.781963,15.1899995803833,0.0,-0.05196380615234375
2021-03-16,19.149999618530273,19.309999465942383,16.959999084472656,17.399999618530273,17.399999618530273,2184300,TCS,17.284452,17.799999237060547,-0.11554718017578125,0.0
2021-03-22,17.510000228881836,17.68000030517578,16.709999084472656,16.959999084472656,16.959999084472656,594300,TCS,16.9328,16.360000610351562,0.0,0.02719879150390625
2021-03-29,16.440000534057617,16.790000915527344,15.5,15.520000457763672,15.520000457763672,819400,TCS,15.72326,16.18000030517578,0.20325946807861328,0.0
2021-03-31,16.360000610351562,16.979999542236328,16.1200008392334,16.639999389648438,16.639999389648438,998100,TCS,16.284172,16.420000076293945,0.0,0.35582733154296875
2021-04-05,16.6200008392334,16.649999618530273,15.40999984741211,16.280000686645508,16.280000686645508,1273800,TCS,16.058064,16.309999465942383,-0.2219371795654297,0.0
2021-04-06,16.360000610351562,16.850000381469727,16.1299991607666,16.309999465942383,16.309999465942383,546400,TCS,16.35853,15.960000038146973,0.0,-0.04853057861328125
2021-04-07,16.1200008392334,16.200000762939453,15.699999809265137,15.960000038146973,15.960000038146973,577300,TCS,16.104765,16.31999969482422,0.14476490020751953,0.0
